id;start_date;end_date;language
1;2022-12-11T12:24:40;2022-12-11T10:14:55;TELUGU
2;2022-12-10T21:52:15;2022-12-11T07:17:44;ENGLSH
3;2022-12-11T07:48:27;2022-12-10T19:53:35;TELUGU
4;2022-12-11T12:19:16;2022-12-10T17:45:35;ENGLSH
5;2022-12-11T14:35:39;2022-12-10T22:54:37;ENGLSH
6;2022-12-11T00:06:22;2022-12-11T14:06:42;TELUGU
7;2022-12-11T08:10:10;2022-12-10T18:44:19;ENGLSH
8;2022-12-10T22:36:03;2022-12-10T19:11:52;ENGLSH
9;2022-12-10T23:27:41;2022-12-11T10:59:07;ENGLSH
10;2022-12-10T19:24:39;2022-12-11T12:22:08;ENGLSH
